<?xml version='1.0' encoding='UTF-8'?>
<nodes xmlns:xsi="http://www.w3.org/2001/XMLSchema-instance" xsi:noNamespaceSchemaLocation="http://sumo.dlr.de/xsd/nodes_file.xsd">
  <node id="center0" x="0" y="0" type="traffic_light" radius="1.5"/>
  <node id="center1" x="100" y="0" type="traffic_light" radius="1.5"/>
  <node id="center2" x="200" y="0" type="traffic_light" radius="1.5"/>
  <node id="center3" x="300" y="0" type="traffic_light" radius="1.5"/>
  <node id="center4" x="400" y="0" type="traffic_light" radius="1.5"/>
  <node id="center5" x="0" y="100" type="traffic_light" radius="1.5"/>
  <node id="center6" x="100" y="100" type="traffic_light" radius="1.5"/>
  <node id="center7" x="200" y="100" type="traffic_light" radius="1.5"/>
  <node id="center8" x="300" y="100" type="traffic_light" radius="1.5"/>
  <node id="center9" x="400" y="100" type="traffic_light" radius="1.5"/>
  <node id="center10" x="0" y="200" type="traffic_light" radius="1.5"/>
  <node id="center11" x="100" y="200" type="traffic_light" radius="1.5"/>
  <node id="center12" x="200" y="200" type="traffic_light" radius="1.5"/>
  <node id="center13" x="300" y="200" type="traffic_light" radius="1.5"/>
  <node id="center14" x="400" y="200" type="traffic_light" radius="1.5"/>
  <node id="center15" x="0" y="300" type="traffic_light" radius="1.5"/>
  <node id="center16" x="100" y="300" type="traffic_light" radius="1.5"/>
  <node id="center17" x="200" y="300" type="traffic_light" radius="1.5"/>
  <node id="center18" x="300" y="300" type="traffic_light" radius="1.5"/>
  <node id="center19" x="400" y="300" type="traffic_light" radius="1.5"/>
  <node id="center20" x="0" y="400" type="traffic_light" radius="1.5"/>
  <node id="center21" x="100" y="400" type="traffic_light" radius="1.5"/>
  <node id="center22" x="200" y="400" type="traffic_light" radius="1.5"/>
  <node id="center23" x="300" y="400" type="traffic_light" radius="1.5"/>
  <node id="center24" x="400" y="400" type="traffic_light" radius="1.5"/>
  <node id="bot_col_short0" x="0" y="-100" type="priority"/>
  <node id="bot_col_long0" x="0" y="-100" type="priority"/>
  <node id="top_col_short0" x="0" y="500" type="priority"/>
  <node id="top_col_long0" x="0" y="500" type="priority"/>
  <node id="bot_col_short1" x="100" y="-100" type="priority"/>
  <node id="bot_col_long1" x="100" y="-100" type="priority"/>
  <node id="top_col_short1" x="100" y="500" type="priority"/>
  <node id="top_col_long1" x="100" y="500" type="priority"/>
  <node id="bot_col_short2" x="200" y="-100" type="priority"/>
  <node id="bot_col_long2" x="200" y="-100" type="priority"/>
  <node id="top_col_short2" x="200" y="500" type="priority"/>
  <node id="top_col_long2" x="200" y="500" type="priority"/>
  <node id="bot_col_short3" x="300" y="-100" type="priority"/>
  <node id="bot_col_long3" x="300" y="-100" type="priority"/>
  <node id="top_col_short3" x="300" y="500" type="priority"/>
  <node id="top_col_long3" x="300" y="500" type="priority"/>
  <node id="bot_col_short4" x="400" y="-100" type="priority"/>
  <node id="bot_col_long4" x="400" y="-100" type="priority"/>
  <node id="top_col_short4" x="400" y="500" type="priority"/>
  <node id="top_col_long4" x="400" y="500" type="priority"/>
  <node id="left_row_short0" x="-100" y="0" type="priority"/>
  <node id="left_row_long0" x="-100" y="0" type="priority"/>
  <node id="right_row_short0" x="500" y="0" type="priority"/>
  <node id="right_row_long0" x="500" y="0" type="priority"/>
  <node id="left_row_short1" x="-100" y="100" type="priority"/>
  <node id="left_row_long1" x="-100" y="100" type="priority"/>
  <node id="right_row_short1" x="500" y="100" type="priority"/>
  <node id="right_row_long1" x="500" y="100" type="priority"/>
  <node id="left_row_short2" x="-100" y="200" type="priority"/>
  <node id="left_row_long2" x="-100" y="200" type="priority"/>
  <node id="right_row_short2" x="500" y="200" type="priority"/>
  <node id="right_row_long2" x="500" y="200" type="priority"/>
  <node id="left_row_short3" x="-100" y="300" type="priority"/>
  <node id="left_row_long3" x="-100" y="300" type="priority"/>
  <node id="right_row_short3" x="500" y="300" type="priority"/>
  <node id="right_row_long3" x="500" y="300" type="priority"/>
  <node id="left_row_short4" x="-100" y="400" type="priority"/>
  <node id="left_row_long4" x="-100" y="400" type="priority"/>
  <node id="right_row_short4" x="500" y="400" type="priority"/>
  <node id="right_row_long4" x="500" y="400" type="priority"/>
</nodes>
