<?xml version='1.0' encoding='UTF-8'?>
<edges xmlns:xsi="http://www.w3.org/2001/XMLSchema-instance" xsi:noNamespaceSchemaLocation="http://sumo.dlr.de/xsd/edges_file.xsd">
  <edge id="top0_1" type="horizontal" priority="78" from="center1" to="center0" length="100"/>
  <edge id="bot0_1" type="horizontal" priority="78" from="center0" to="center1" length="100"/>
  <edge id="top0_2" type="horizontal" priority="78" from="center2" to="center1" length="100"/>
  <edge id="bot0_2" type="horizontal" priority="78" from="center1" to="center2" length="100"/>
  <edge id="top0_3" type="horizontal" priority="78" from="center3" to="center2" length="100"/>
  <edge id="bot0_3" type="horizontal" priority="78" from="center2" to="center3" length="100"/>
  <edge id="top0_4" type="horizontal" priority="78" from="center4" to="center3" length="100"/>
  <edge id="bot0_4" type="horizontal" priority="78" from="center3" to="center4" length="100"/>
  <edge id="top1_1" type="horizontal" priority="78" from="center6" to="center5" length="100"/>
  <edge id="bot1_1" type="horizontal" priority="78" from="center5" to="center6" length="100"/>
  <edge id="top1_2" type="horizontal" priority="78" from="center7" to="center6" length="100"/>
  <edge id="bot1_2" type="horizontal" priority="78" from="center6" to="center7" length="100"/>
  <edge id="top1_3" type="horizontal" priority="78" from="center8" to="center7" length="100"/>
  <edge id="bot1_3" type="horizontal" priority="78" from="center7" to="center8" length="100"/>
  <edge id="top1_4" type="horizontal" priority="78" from="center9" to="center8" length="100"/>
  <edge id="bot1_4" type="horizontal" priority="78" from="center8" to="center9" length="100"/>
  <edge id="top2_1" type="horizontal" priority="78" from="center11" to="center10" length="100"/>
  <edge id="bot2_1" type="horizontal" priority="78" from="center10" to="center11" length="100"/>
  <edge id="top2_2" type="horizontal" priority="78" from="center12" to="center11" length="100"/>
  <edge id="bot2_2" type="horizontal" priority="78" from="center11" to="center12" length="100"/>
  <edge id="top2_3" type="horizontal" priority="78" from="center13" to="center12" length="100"/>
  <edge id="bot2_3" type="horizontal" priority="78" from="center12" to="center13" length="100"/>
  <edge id="top2_4" type="horizontal" priority="78" from="center14" to="center13" length="100"/>
  <edge id="bot2_4" type="horizontal" priority="78" from="center13" to="center14" length="100"/>
  <edge id="top3_1" type="horizontal" priority="78" from="center16" to="center15" length="100"/>
  <edge id="bot3_1" type="horizontal" priority="78" from="center15" to="center16" length="100"/>
  <edge id="top3_2" type="horizontal" priority="78" from="center17" to="center16" length="100"/>
  <edge id="bot3_2" type="horizontal" priority="78" from="center16" to="center17" length="100"/>
  <edge id="top3_3" type="horizontal" priority="78" from="center18" to="center17" length="100"/>
  <edge id="bot3_3" type="horizontal" priority="78" from="center17" to="center18" length="100"/>
  <edge id="top3_4" type="horizontal" priority="78" from="center19" to="center18" length="100"/>
  <edge id="bot3_4" type="horizontal" priority="78" from="center18" to="center19" length="100"/>
  <edge id="top4_1" type="horizontal" priority="78" from="center21" to="center20" length="100"/>
  <edge id="bot4_1" type="horizontal" priority="78" from="center20" to="center21" length="100"/>
  <edge id="top4_2" type="horizontal" priority="78" from="center22" to="center21" length="100"/>
  <edge id="bot4_2" type="horizontal" priority="78" from="center21" to="center22" length="100"/>
  <edge id="top4_3" type="horizontal" priority="78" from="center23" to="center22" length="100"/>
  <edge id="bot4_3" type="horizontal" priority="78" from="center22" to="center23" length="100"/>
  <edge id="top4_4" type="horizontal" priority="78" from="center24" to="center23" length="100"/>
  <edge id="bot4_4" type="horizontal" priority="78" from="center23" to="center24" length="100"/>
  <edge id="right1_0" type="vertical" priority="78" from="center0" to="center5" length="100"/>
  <edge id="left1_0" type="vertical" priority="78" from="center5" to="center0" length="100"/>
  <edge id="right1_1" type="vertical" priority="78" from="center1" to="center6" length="100"/>
  <edge id="left1_1" type="vertical" priority="78" from="center6" to="center1" length="100"/>
  <edge id="right1_2" type="vertical" priority="78" from="center2" to="center7" length="100"/>
  <edge id="left1_2" type="vertical" priority="78" from="center7" to="center2" length="100"/>
  <edge id="right1_3" type="vertical" priority="78" from="center3" to="center8" length="100"/>
  <edge id="left1_3" type="vertical" priority="78" from="center8" to="center3" length="100"/>
  <edge id="right1_4" type="vertical" priority="78" from="center4" to="center9" length="100"/>
  <edge id="left1_4" type="vertical" priority="78" from="center9" to="center4" length="100"/>
  <edge id="right2_0" type="vertical" priority="78" from="center5" to="center10" length="100"/>
  <edge id="left2_0" type="vertical" priority="78" from="center10" to="center5" length="100"/>
  <edge id="right2_1" type="vertical" priority="78" from="center6" to="center11" length="100"/>
  <edge id="left2_1" type="vertical" priority="78" from="center11" to="center6" length="100"/>
  <edge id="right2_2" type="vertical" priority="78" from="center7" to="center12" length="100"/>
  <edge id="left2_2" type="vertical" priority="78" from="center12" to="center7" length="100"/>
  <edge id="right2_3" type="vertical" priority="78" from="center8" to="center13" length="100"/>
  <edge id="left2_3" type="vertical" priority="78" from="center13" to="center8" length="100"/>
  <edge id="right2_4" type="vertical" priority="78" from="center9" to="center14" length="100"/>
  <edge id="left2_4" type="vertical" priority="78" from="center14" to="center9" length="100"/>
  <edge id="right3_0" type="vertical" priority="78" from="center10" to="center15" length="100"/>
  <edge id="left3_0" type="vertical" priority="78" from="center15" to="center10" length="100"/>
  <edge id="right3_1" type="vertical" priority="78" from="center11" to="center16" length="100"/>
  <edge id="left3_1" type="vertical" priority="78" from="center16" to="center11" length="100"/>
  <edge id="right3_2" type="vertical" priority="78" from="center12" to="center17" length="100"/>
  <edge id="left3_2" type="vertical" priority="78" from="center17" to="center12" length="100"/>
  <edge id="right3_3" type="vertical" priority="78" from="center13" to="center18" length="100"/>
  <edge id="left3_3" type="vertical" priority="78" from="center18" to="center13" length="100"/>
  <edge id="right3_4" type="vertical" priority="78" from="center14" to="center19" length="100"/>
  <edge id="left3_4" type="vertical" priority="78" from="center19" to="center14" length="100"/>
  <edge id="right4_0" type="vertical" priority="78" from="center15" to="center20" length="100"/>
  <edge id="left4_0" type="vertical" priority="78" from="center20" to="center15" length="100"/>
  <edge id="right4_1" type="vertical" priority="78" from="center16" to="center21" length="100"/>
  <edge id="left4_1" type="vertical" priority="78" from="center21" to="center16" length="100"/>
  <edge id="right4_2" type="vertical" priority="78" from="center17" to="center22" length="100"/>
  <edge id="left4_2" type="vertical" priority="78" from="center22" to="center17" length="100"/>
  <edge id="right4_3" type="vertical" priority="78" from="center18" to="center23" length="100"/>
  <edge id="left4_3" type="vertical" priority="78" from="center23" to="center18" length="100"/>
  <edge id="right4_4" type="vertical" priority="78" from="center19" to="center24" length="100"/>
  <edge id="left4_4" type="vertical" priority="78" from="center24" to="center19" length="100"/>
  <edge id="right0_0" type="vertical" priority="78" from="bot_col_short0" to="center0" length="100"/>
  <edge id="left0_0" type="vertical" priority="78" from="center0" to="bot_col_long0" length="100"/>
  <edge id="left5_0" type="vertical" priority="78" from="top_col_short0" to="center20" length="100"/>
  <edge id="right5_0" type="vertical" priority="78" from="center20" to="top_col_long0" length="100"/>
  <edge id="right0_1" type="vertical" priority="78" from="bot_col_short1" to="center1" length="100"/>
  <edge id="left0_1" type="vertical" priority="78" from="center1" to="bot_col_long1" length="100"/>
  <edge id="left5_1" type="vertical" priority="78" from="top_col_short1" to="center21" length="100"/>
  <edge id="right5_1" type="vertical" priority="78" from="center21" to="top_col_long1" length="100"/>
  <edge id="right0_2" type="vertical" priority="78" from="bot_col_short2" to="center2" length="100"/>
  <edge id="left0_2" type="vertical" priority="78" from="center2" to="bot_col_long2" length="100"/>
  <edge id="left5_2" type="vertical" priority="78" from="top_col_short2" to="center22" length="100"/>
  <edge id="right5_2" type="vertical" priority="78" from="center22" to="top_col_long2" length="100"/>
  <edge id="right0_3" type="vertical" priority="78" from="bot_col_short3" to="center3" length="100"/>
  <edge id="left0_3" type="vertical" priority="78" from="center3" to="bot_col_long3" length="100"/>
  <edge id="left5_3" type="vertical" priority="78" from="top_col_short3" to="center23" length="100"/>
  <edge id="right5_3" type="vertical" priority="78" from="center23" to="top_col_long3" length="100"/>
  <edge id="right0_4" type="vertical" priority="78" from="bot_col_short4" to="center4" length="100"/>
  <edge id="left0_4" type="vertical" priority="78" from="center4" to="bot_col_long4" length="100"/>
  <edge id="left5_4" type="vertical" priority="78" from="top_col_short4" to="center24" length="100"/>
  <edge id="right5_4" type="vertical" priority="78" from="center24" to="top_col_long4" length="100"/>
  <edge id="bot0_0" type="horizontal" priority="78" from="left_row_short0" to="center0" length="100"/>
  <edge id="top0_0" type="horizontal" priority="78" from="center0" to="left_row_long0" length="100"/>
  <edge id="top0_5" type="horizontal" priority="78" from="right_row_short0" to="center4" length="100"/>
  <edge id="bot0_5" type="horizontal" priority="78" from="center4" to="right_row_long0" length="100"/>
  <edge id="bot1_0" type="horizontal" priority="78" from="left_row_short1" to="center5" length="100"/>
  <edge id="top1_0" type="horizontal" priority="78" from="center5" to="left_row_long1" length="100"/>
  <edge id="top1_5" type="horizontal" priority="78" from="right_row_short1" to="center9" length="100"/>
  <edge id="bot1_5" type="horizontal" priority="78" from="center9" to="right_row_long1" length="100"/>
  <edge id="bot2_0" type="horizontal" priority="78" from="left_row_short2" to="center10" length="100"/>
  <edge id="top2_0" type="horizontal" priority="78" from="center10" to="left_row_long2" length="100"/>
  <edge id="top2_5" type="horizontal" priority="78" from="right_row_short2" to="center14" length="100"/>
  <edge id="bot2_5" type="horizontal" priority="78" from="center14" to="right_row_long2" length="100"/>
  <edge id="bot3_0" type="horizontal" priority="78" from="left_row_short3" to="center15" length="100"/>
  <edge id="top3_0" type="horizontal" priority="78" from="center15" to="left_row_long3" length="100"/>
  <edge id="top3_5" type="horizontal" priority="78" from="right_row_short3" to="center19" length="100"/>
  <edge id="bot3_5" type="horizontal" priority="78" from="center19" to="right_row_long3" length="100"/>
  <edge id="bot4_0" type="horizontal" priority="78" from="left_row_short4" to="center20" length="100"/>
  <edge id="top4_0" type="horizontal" priority="78" from="center20" to="left_row_long4" length="100"/>
  <edge id="top4_5" type="horizontal" priority="78" from="right_row_short4" to="center24" length="100"/>
  <edge id="bot4_5" type="horizontal" priority="78" from="center24" to="right_row_long4" length="100"/>
</edges>
