<?xml version='1.0' encoding='UTF-8'?>
<routes xmlns:xsi="http://www.w3.org/2001/XMLSchema-instance" xsi:noNamespaceSchemaLocation="http://sumo.dlr.de/xsd/routes_file.xsd">
  <route id="routebot0_0_0" edges="bot0_0 left0_0"/>
  <route id="routebot0_0_1" edges="bot0_0 right1_0 right2_0 right3_0 right4_0 right5_0"/>
  <route id="routebot0_0_2" edges="bot0_0 bot0_1 left0_1"/>
  <route id="routebot0_0_3" edges="bot0_0 bot0_1 right1_1 right2_1 right3_1 right4_1 right5_1"/>
  <route id="routebot0_0_4" edges="bot0_0 bot0_1 bot0_2 left0_2"/>
  <route id="routebot0_0_5" edges="bot0_0 bot0_1 bot0_2 right1_2 right2_2 right3_2 right4_2 right5_2"/>
  <route id="routebot0_0_6" edges="bot0_0 bot0_1 bot0_2 bot0_3 left0_3"/>
  <route id="routebot0_0_7" edges="bot0_0 bot0_1 bot0_2 bot0_3 right1_3 right2_3 right3_3 right4_3 right5_3"/>
  <route id="routebot0_0_8" edges="bot0_0 bot0_1 bot0_2 bot0_3 bot0_4 left0_4"/>
  <route id="routebot0_0_9" edges="bot0_0 bot0_1 bot0_2 bot0_3 bot0_4 right1_4 right2_4 right3_4 right4_4 right5_4"/>
  <route id="routebot0_0_10" edges="bot0_0 bot0_1 bot0_2 bot0_3 bot0_4 bot0_5"/>
  <route id="routebot1_0_0" edges="bot1_0 left1_0 left0_0"/>
  <route id="routebot1_0_1" edges="bot1_0 right2_0 right3_0 right4_0 right5_0"/>
  <route id="routebot1_0_2" edges="bot1_0 bot1_1 left1_1 left0_1"/>
  <route id="routebot1_0_3" edges="bot1_0 bot1_1 right2_1 right3_1 right4_1 right5_1"/>
  <route id="routebot1_0_4" edges="bot1_0 bot1_1 bot1_2 left1_2 left0_2"/>
  <route id="routebot1_0_5" edges="bot1_0 bot1_1 bot1_2 right2_2 right3_2 right4_2 right5_2"/>
  <route id="routebot1_0_6" edges="bot1_0 bot1_1 bot1_2 bot1_3 left1_3 left0_3"/>
  <route id="routebot1_0_7" edges="bot1_0 bot1_1 bot1_2 bot1_3 right2_3 right3_3 right4_3 right5_3"/>
  <route id="routebot1_0_8" edges="bot1_0 bot1_1 bot1_2 bot1_3 bot1_4 left1_4 left0_4"/>
  <route id="routebot1_0_9" edges="bot1_0 bot1_1 bot1_2 bot1_3 bot1_4 right2_4 right3_4 right4_4 right5_4"/>
  <route id="routebot1_0_10" edges="bot1_0 bot1_1 bot1_2 bot1_3 bot1_4 bot1_5"/>
  <route id="routebot2_0_0" edges="bot2_0 left2_0 left1_0 left0_0"/>
  <route id="routebot2_0_1" edges="bot2_0 right3_0 right4_0 right5_0"/>
  <route id="routebot2_0_2" edges="bot2_0 bot2_1 left2_1 left1_1 left0_1"/>
  <route id="routebot2_0_3" edges="bot2_0 bot2_1 right3_1 right4_1 right5_1"/>
  <route id="routebot2_0_4" edges="bot2_0 bot2_1 bot2_2 left2_2 left1_2 left0_2"/>
  <route id="routebot2_0_5" edges="bot2_0 bot2_1 bot2_2 right3_2 right4_2 right5_2"/>
  <route id="routebot2_0_6" edges="bot2_0 bot2_1 bot2_2 bot2_3 left2_3 left1_3 left0_3"/>
  <route id="routebot2_0_7" edges="bot2_0 bot2_1 bot2_2 bot2_3 right3_3 right4_3 right5_3"/>
  <route id="routebot2_0_8" edges="bot2_0 bot2_1 bot2_2 bot2_3 bot2_4 left2_4 left1_4 left0_4"/>
  <route id="routebot2_0_9" edges="bot2_0 bot2_1 bot2_2 bot2_3 bot2_4 right3_4 right4_4 right5_4"/>
  <route id="routebot2_0_10" edges="bot2_0 bot2_1 bot2_2 bot2_3 bot2_4 bot2_5"/>
  <route id="routebot3_0_0" edges="bot3_0 left3_0 left2_0 left1_0 left0_0"/>
  <route id="routebot3_0_1" edges="bot3_0 right4_0 right5_0"/>
  <route id="routebot3_0_2" edges="bot3_0 bot3_1 left3_1 left2_1 left1_1 left0_1"/>
  <route id="routebot3_0_3" edges="bot3_0 bot3_1 right4_1 right5_1"/>
  <route id="routebot3_0_4" edges="bot3_0 bot3_1 bot3_2 left3_2 left2_2 left1_2 left0_2"/>
  <route id="routebot3_0_5" edges="bot3_0 bot3_1 bot3_2 right4_2 right5_2"/>
  <route id="routebot3_0_6" edges="bot3_0 bot3_1 bot3_2 bot3_3 left3_3 left2_3 left1_3 left0_3"/>
  <route id="routebot3_0_7" edges="bot3_0 bot3_1 bot3_2 bot3_3 right4_3 right5_3"/>
  <route id="routebot3_0_8" edges="bot3_0 bot3_1 bot3_2 bot3_3 bot3_4 left3_4 left2_4 left1_4 left0_4"/>
  <route id="routebot3_0_9" edges="bot3_0 bot3_1 bot3_2 bot3_3 bot3_4 right4_4 right5_4"/>
  <route id="routebot3_0_10" edges="bot3_0 bot3_1 bot3_2 bot3_3 bot3_4 bot3_5"/>
  <route id="routebot4_0_0" edges="bot4_0 left4_0 left3_0 left2_0 left1_0 left0_0"/>
  <route id="routebot4_0_1" edges="bot4_0 right5_0"/>
  <route id="routebot4_0_2" edges="bot4_0 bot4_1 left4_1 left3_1 left2_1 left1_1 left0_1"/>
  <route id="routebot4_0_3" edges="bot4_0 bot4_1 right5_1"/>
  <route id="routebot4_0_4" edges="bot4_0 bot4_1 bot4_2 left4_2 left3_2 left2_2 left1_2 left0_2"/>
  <route id="routebot4_0_5" edges="bot4_0 bot4_1 bot4_2 right5_2"/>
  <route id="routebot4_0_6" edges="bot4_0 bot4_1 bot4_2 bot4_3 left4_3 left3_3 left2_3 left1_3 left0_3"/>
  <route id="routebot4_0_7" edges="bot4_0 bot4_1 bot4_2 bot4_3 right5_3"/>
  <route id="routebot4_0_8" edges="bot4_0 bot4_1 bot4_2 bot4_3 bot4_4 left4_4 left3_4 left2_4 left1_4 left0_4"/>
  <route id="routebot4_0_9" edges="bot4_0 bot4_1 bot4_2 bot4_3 bot4_4 right5_4"/>
  <route id="routebot4_0_10" edges="bot4_0 bot4_1 bot4_2 bot4_3 bot4_4 bot4_5"/>
  <route id="routetop0_5_0" edges="top0_5 left0_4"/>
  <route id="routetop0_5_1" edges="top0_5 right1_4 right2_4 right3_4 right4_4 right5_4"/>
  <route id="routetop0_5_2" edges="top0_5 top0_4 left0_3"/>
  <route id="routetop0_5_3" edges="top0_5 top0_4 right1_3 right2_3 right3_3 right4_3 right5_3"/>
  <route id="routetop0_5_4" edges="top0_5 top0_4 top0_3 left0_2"/>
  <route id="routetop0_5_5" edges="top0_5 top0_4 top0_3 right1_2 right2_2 right3_2 right4_2 right5_2"/>
  <route id="routetop0_5_6" edges="top0_5 top0_4 top0_3 top0_2 left0_1"/>
  <route id="routetop0_5_7" edges="top0_5 top0_4 top0_3 top0_2 right1_1 right2_1 right3_1 right4_1 right5_1"/>
  <route id="routetop0_5_8" edges="top0_5 top0_4 top0_3 top0_2 top0_1 left0_0"/>
  <route id="routetop0_5_9" edges="top0_5 top0_4 top0_3 top0_2 top0_1 right1_0 right2_0 right3_0 right4_0 right5_0"/>
  <route id="routetop0_5_10" edges="top0_5 top0_4 top0_3 top0_2 top0_1 top0_0"/>
  <route id="routetop1_5_0" edges="top1_5 left1_4 left0_4"/>
  <route id="routetop1_5_1" edges="top1_5 right2_4 right3_4 right4_4 right5_4"/>
  <route id="routetop1_5_2" edges="top1_5 top1_4 left1_3 left0_3"/>
  <route id="routetop1_5_3" edges="top1_5 top1_4 right2_3 right3_3 right4_3 right5_3"/>
  <route id="routetop1_5_4" edges="top1_5 top1_4 top1_3 left1_2 left0_2"/>
  <route id="routetop1_5_5" edges="top1_5 top1_4 top1_3 right2_2 right3_2 right4_2 right5_2"/>
  <route id="routetop1_5_6" edges="top1_5 top1_4 top1_3 top1_2 left1_1 left0_1"/>
  <route id="routetop1_5_7" edges="top1_5 top1_4 top1_3 top1_2 right2_1 right3_1 right4_1 right5_1"/>
  <route id="routetop1_5_8" edges="top1_5 top1_4 top1_3 top1_2 top1_1 left1_0 left0_0"/>
  <route id="routetop1_5_9" edges="top1_5 top1_4 top1_3 top1_2 top1_1 right2_0 right3_0 right4_0 right5_0"/>
  <route id="routetop1_5_10" edges="top1_5 top1_4 top1_3 top1_2 top1_1 top1_0"/>
  <route id="routetop2_5_0" edges="top2_5 left2_4 left1_4 left0_4"/>
  <route id="routetop2_5_1" edges="top2_5 right3_4 right4_4 right5_4"/>
  <route id="routetop2_5_2" edges="top2_5 top2_4 left2_3 left1_3 left0_3"/>
  <route id="routetop2_5_3" edges="top2_5 top2_4 right3_3 right4_3 right5_3"/>
  <route id="routetop2_5_4" edges="top2_5 top2_4 top2_3 left2_2 left1_2 left0_2"/>
  <route id="routetop2_5_5" edges="top2_5 top2_4 top2_3 right3_2 right4_2 right5_2"/>
  <route id="routetop2_5_6" edges="top2_5 top2_4 top2_3 top2_2 left2_1 left1_1 left0_1"/>
  <route id="routetop2_5_7" edges="top2_5 top2_4 top2_3 top2_2 right3_1 right4_1 right5_1"/>
  <route id="routetop2_5_8" edges="top2_5 top2_4 top2_3 top2_2 top2_1 left2_0 left1_0 left0_0"/>
  <route id="routetop2_5_9" edges="top2_5 top2_4 top2_3 top2_2 top2_1 right3_0 right4_0 right5_0"/>
  <route id="routetop2_5_10" edges="top2_5 top2_4 top2_3 top2_2 top2_1 top2_0"/>
  <route id="routetop3_5_0" edges="top3_5 left3_4 left2_4 left1_4 left0_4"/>
  <route id="routetop3_5_1" edges="top3_5 right4_4 right5_4"/>
  <route id="routetop3_5_2" edges="top3_5 top3_4 left3_3 left2_3 left1_3 left0_3"/>
  <route id="routetop3_5_3" edges="top3_5 top3_4 right4_3 right5_3"/>
  <route id="routetop3_5_4" edges="top3_5 top3_4 top3_3 left3_2 left2_2 left1_2 left0_2"/>
  <route id="routetop3_5_5" edges="top3_5 top3_4 top3_3 right4_2 right5_2"/>
  <route id="routetop3_5_6" edges="top3_5 top3_4 top3_3 top3_2 left3_1 left2_1 left1_1 left0_1"/>
  <route id="routetop3_5_7" edges="top3_5 top3_4 top3_3 top3_2 right4_1 right5_1"/>
  <route id="routetop3_5_8" edges="top3_5 top3_4 top3_3 top3_2 top3_1 left3_0 left2_0 left1_0 left0_0"/>
  <route id="routetop3_5_9" edges="top3_5 top3_4 top3_3 top3_2 top3_1 right4_0 right5_0"/>
  <route id="routetop3_5_10" edges="top3_5 top3_4 top3_3 top3_2 top3_1 top3_0"/>
  <route id="routetop4_5_0" edges="top4_5 left4_4 left3_4 left2_4 left1_4 left0_4"/>
  <route id="routetop4_5_1" edges="top4_5 right5_4"/>
  <route id="routetop4_5_2" edges="top4_5 top4_4 left4_3 left3_3 left2_3 left1_3 left0_3"/>
  <route id="routetop4_5_3" edges="top4_5 top4_4 right5_3"/>
  <route id="routetop4_5_4" edges="top4_5 top4_4 top4_3 left4_2 left3_2 left2_2 left1_2 left0_2"/>
  <route id="routetop4_5_5" edges="top4_5 top4_4 top4_3 right5_2"/>
  <route id="routetop4_5_6" edges="top4_5 top4_4 top4_3 top4_2 left4_1 left3_1 left2_1 left1_1 left0_1"/>
  <route id="routetop4_5_7" edges="top4_5 top4_4 top4_3 top4_2 right5_1"/>
  <route id="routetop4_5_8" edges="top4_5 top4_4 top4_3 top4_2 top4_1 left4_0 left3_0 left2_0 left1_0 left0_0"/>
  <route id="routetop4_5_9" edges="top4_5 top4_4 top4_3 top4_2 top4_1 right5_0"/>
  <route id="routetop4_5_10" edges="top4_5 top4_4 top4_3 top4_2 top4_1 top4_0"/>
  <route id="routeright0_0_0" edges="right0_0 top0_0"/>
  <route id="routeright0_0_1" edges="right0_0 bot0_1 bot0_2 bot0_3 bot0_4 bot0_5"/>
  <route id="routeright0_0_2" edges="right0_0 right1_0 top1_0"/>
  <route id="routeright0_0_3" edges="right0_0 right1_0 bot1_1 bot1_2 bot1_3 bot1_4 bot1_5"/>
  <route id="routeright0_0_4" edges="right0_0 right1_0 right2_0 top2_0"/>
  <route id="routeright0_0_5" edges="right0_0 right1_0 right2_0 bot2_1 bot2_2 bot2_3 bot2_4 bot2_5"/>
  <route id="routeright0_0_6" edges="right0_0 right1_0 right2_0 right3_0 top3_0"/>
  <route id="routeright0_0_7" edges="right0_0 right1_0 right2_0 right3_0 bot3_1 bot3_2 bot3_3 bot3_4 bot3_5"/>
  <route id="routeright0_0_8" edges="right0_0 right1_0 right2_0 right3_0 right4_0 top4_0"/>
  <route id="routeright0_0_9" edges="right0_0 right1_0 right2_0 right3_0 right4_0 bot4_1 bot4_2 bot4_3 bot4_4 bot4_5"/>
  <route id="routeright0_0_10" edges="right0_0 right1_0 right2_0 right3_0 right4_0 right5_0"/>
  <route id="routeright0_1_0" edges="right0_1 top0_1 top0_0"/>
  <route id="routeright0_1_1" edges="right0_1 bot0_2 bot0_3 bot0_4 bot0_5"/>
  <route id="routeright0_1_2" edges="right0_1 right1_1 top1_1 top1_0"/>
  <route id="routeright0_1_3" edges="right0_1 right1_1 bot1_2 bot1_3 bot1_4 bot1_5"/>
  <route id="routeright0_1_4" edges="right0_1 right1_1 right2_1 top2_1 top2_0"/>
  <route id="routeright0_1_5" edges="right0_1 right1_1 right2_1 bot2_2 bot2_3 bot2_4 bot2_5"/>
  <route id="routeright0_1_6" edges="right0_1 right1_1 right2_1 right3_1 top3_1 top3_0"/>
  <route id="routeright0_1_7" edges="right0_1 right1_1 right2_1 right3_1 bot3_2 bot3_3 bot3_4 bot3_5"/>
  <route id="routeright0_1_8" edges="right0_1 right1_1 right2_1 right3_1 right4_1 top4_1 top4_0"/>
  <route id="routeright0_1_9" edges="right0_1 right1_1 right2_1 right3_1 right4_1 bot4_2 bot4_3 bot4_4 bot4_5"/>
  <route id="routeright0_1_10" edges="right0_1 right1_1 right2_1 right3_1 right4_1 right5_1"/>
  <route id="routeright0_2_0" edges="right0_2 top0_2 top0_1 top0_0"/>
  <route id="routeright0_2_1" edges="right0_2 bot0_3 bot0_4 bot0_5"/>
  <route id="routeright0_2_2" edges="right0_2 right1_2 top1_2 top1_1 top1_0"/>
  <route id="routeright0_2_3" edges="right0_2 right1_2 bot1_3 bot1_4 bot1_5"/>
  <route id="routeright0_2_4" edges="right0_2 right1_2 right2_2 top2_2 top2_1 top2_0"/>
  <route id="routeright0_2_5" edges="right0_2 right1_2 right2_2 bot2_3 bot2_4 bot2_5"/>
  <route id="routeright0_2_6" edges="right0_2 right1_2 right2_2 right3_2 top3_2 top3_1 top3_0"/>
  <route id="routeright0_2_7" edges="right0_2 right1_2 right2_2 right3_2 bot3_3 bot3_4 bot3_5"/>
  <route id="routeright0_2_8" edges="right0_2 right1_2 right2_2 right3_2 right4_2 top4_2 top4_1 top4_0"/>
  <route id="routeright0_2_9" edges="right0_2 right1_2 right2_2 right3_2 right4_2 bot4_3 bot4_4 bot4_5"/>
  <route id="routeright0_2_10" edges="right0_2 right1_2 right2_2 right3_2 right4_2 right5_2"/>
  <route id="routeright0_3_0" edges="right0_3 top0_3 top0_2 top0_1 top0_0"/>
  <route id="routeright0_3_1" edges="right0_3 bot0_4 bot0_5"/>
  <route id="routeright0_3_2" edges="right0_3 right1_3 top1_3 top1_2 top1_1 top1_0"/>
  <route id="routeright0_3_3" edges="right0_3 right1_3 bot1_4 bot1_5"/>
  <route id="routeright0_3_4" edges="right0_3 right1_3 right2_3 top2_3 top2_2 top2_1 top2_0"/>
  <route id="routeright0_3_5" edges="right0_3 right1_3 right2_3 bot2_4 bot2_5"/>
  <route id="routeright0_3_6" edges="right0_3 right1_3 right2_3 right3_3 top3_3 top3_2 top3_1 top3_0"/>
  <route id="routeright0_3_7" edges="right0_3 right1_3 right2_3 right3_3 bot3_4 bot3_5"/>
  <route id="routeright0_3_8" edges="right0_3 right1_3 right2_3 right3_3 right4_3 top4_3 top4_2 top4_1 top4_0"/>
  <route id="routeright0_3_9" edges="right0_3 right1_3 right2_3 right3_3 right4_3 bot4_4 bot4_5"/>
  <route id="routeright0_3_10" edges="right0_3 right1_3 right2_3 right3_3 right4_3 right5_3"/>
  <route id="routeright0_4_0" edges="right0_4 top0_4 top0_3 top0_2 top0_1 top0_0"/>
  <route id="routeright0_4_1" edges="right0_4 bot0_5"/>
  <route id="routeright0_4_2" edges="right0_4 right1_4 top1_4 top1_3 top1_2 top1_1 top1_0"/>
  <route id="routeright0_4_3" edges="right0_4 right1_4 bot1_5"/>
  <route id="routeright0_4_4" edges="right0_4 right1_4 right2_4 top2_4 top2_3 top2_2 top2_1 top2_0"/>
  <route id="routeright0_4_5" edges="right0_4 right1_4 right2_4 bot2_5"/>
  <route id="routeright0_4_6" edges="right0_4 right1_4 right2_4 right3_4 top3_4 top3_3 top3_2 top3_1 top3_0"/>
  <route id="routeright0_4_7" edges="right0_4 right1_4 right2_4 right3_4 bot3_5"/>
  <route id="routeright0_4_8" edges="right0_4 right1_4 right2_4 right3_4 right4_4 top4_4 top4_3 top4_2 top4_1 top4_0"/>
  <route id="routeright0_4_9" edges="right0_4 right1_4 right2_4 right3_4 right4_4 bot4_5"/>
  <route id="routeright0_4_10" edges="right0_4 right1_4 right2_4 right3_4 right4_4 right5_4"/>
  <route id="routeleft5_0_0" edges="left5_0 top4_0"/>
  <route id="routeleft5_0_1" edges="left5_0 bot4_1 bot4_2 bot4_3 bot4_4 bot4_5"/>
  <route id="routeleft5_0_2" edges="left5_0 left4_0 top3_0"/>
  <route id="routeleft5_0_3" edges="left5_0 left4_0 bot3_1 bot3_2 bot3_3 bot3_4 bot3_5"/>
  <route id="routeleft5_0_4" edges="left5_0 left4_0 left3_0 top2_0"/>
  <route id="routeleft5_0_5" edges="left5_0 left4_0 left3_0 bot2_1 bot2_2 bot2_3 bot2_4 bot2_5"/>
  <route id="routeleft5_0_6" edges="left5_0 left4_0 left3_0 left2_0 top1_0"/>
  <route id="routeleft5_0_7" edges="left5_0 left4_0 left3_0 left2_0 bot1_1 bot1_2 bot1_3 bot1_4 bot1_5"/>
  <route id="routeleft5_0_8" edges="left5_0 left4_0 left3_0 left2_0 left1_0 top0_0"/>
  <route id="routeleft5_0_9" edges="left5_0 left4_0 left3_0 left2_0 left1_0 bot0_1 bot0_2 bot0_3 bot0_4 bot0_5"/>
  <route id="routeleft5_0_10" edges="left5_0 left4_0 left3_0 left2_0 left1_0 left0_0"/>
  <route id="routeleft5_1_0" edges="left5_1 top4_1 top4_0"/>
  <route id="routeleft5_1_1" edges="left5_1 bot4_2 bot4_3 bot4_4 bot4_5"/>
  <route id="routeleft5_1_2" edges="left5_1 left4_1 top3_1 top3_0"/>
  <route id="routeleft5_1_3" edges="left5_1 left4_1 bot3_2 bot3_3 bot3_4 bot3_5"/>
  <route id="routeleft5_1_4" edges="left5_1 left4_1 left3_1 top2_1 top2_0"/>
  <route id="routeleft5_1_5" edges="left5_1 left4_1 left3_1 bot2_2 bot2_3 bot2_4 bot2_5"/>
  <route id="routeleft5_1_6" edges="left5_1 left4_1 left3_1 left2_1 top1_1 top1_0"/>
  <route id="routeleft5_1_7" edges="left5_1 left4_1 left3_1 left2_1 bot1_2 bot1_3 bot1_4 bot1_5"/>
  <route id="routeleft5_1_8" edges="left5_1 left4_1 left3_1 left2_1 left1_1 top0_1 top0_0"/>
  <route id="routeleft5_1_9" edges="left5_1 left4_1 left3_1 left2_1 left1_1 bot0_2 bot0_3 bot0_4 bot0_5"/>
  <route id="routeleft5_1_10" edges="left5_1 left4_1 left3_1 left2_1 left1_1 left0_1"/>
  <route id="routeleft5_2_0" edges="left5_2 top4_2 top4_1 top4_0"/>
  <route id="routeleft5_2_1" edges="left5_2 bot4_3 bot4_4 bot4_5"/>
  <route id="routeleft5_2_2" edges="left5_2 left4_2 top3_2 top3_1 top3_0"/>
  <route id="routeleft5_2_3" edges="left5_2 left4_2 bot3_3 bot3_4 bot3_5"/>
  <route id="routeleft5_2_4" edges="left5_2 left4_2 left3_2 top2_2 top2_1 top2_0"/>
  <route id="routeleft5_2_5" edges="left5_2 left4_2 left3_2 bot2_3 bot2_4 bot2_5"/>
  <route id="routeleft5_2_6" edges="left5_2 left4_2 left3_2 left2_2 top1_2 top1_1 top1_0"/>
  <route id="routeleft5_2_7" edges="left5_2 left4_2 left3_2 left2_2 bot1_3 bot1_4 bot1_5"/>
  <route id="routeleft5_2_8" edges="left5_2 left4_2 left3_2 left2_2 left1_2 top0_2 top0_1 top0_0"/>
  <route id="routeleft5_2_9" edges="left5_2 left4_2 left3_2 left2_2 left1_2 bot0_3 bot0_4 bot0_5"/>
  <route id="routeleft5_2_10" edges="left5_2 left4_2 left3_2 left2_2 left1_2 left0_2"/>
  <route id="routeleft5_3_0" edges="left5_3 top4_3 top4_2 top4_1 top4_0"/>
  <route id="routeleft5_3_1" edges="left5_3 bot4_4 bot4_5"/>
  <route id="routeleft5_3_2" edges="left5_3 left4_3 top3_3 top3_2 top3_1 top3_0"/>
  <route id="routeleft5_3_3" edges="left5_3 left4_3 bot3_4 bot3_5"/>
  <route id="routeleft5_3_4" edges="left5_3 left4_3 left3_3 top2_3 top2_2 top2_1 top2_0"/>
  <route id="routeleft5_3_5" edges="left5_3 left4_3 left3_3 bot2_4 bot2_5"/>
  <route id="routeleft5_3_6" edges="left5_3 left4_3 left3_3 left2_3 top1_3 top1_2 top1_1 top1_0"/>
  <route id="routeleft5_3_7" edges="left5_3 left4_3 left3_3 left2_3 bot1_4 bot1_5"/>
  <route id="routeleft5_3_8" edges="left5_3 left4_3 left3_3 left2_3 left1_3 top0_3 top0_2 top0_1 top0_0"/>
  <route id="routeleft5_3_9" edges="left5_3 left4_3 left3_3 left2_3 left1_3 bot0_4 bot0_5"/>
  <route id="routeleft5_3_10" edges="left5_3 left4_3 left3_3 left2_3 left1_3 left0_3"/>
  <route id="routeleft5_4_0" edges="left5_4 top4_4 top4_3 top4_2 top4_1 top4_0"/>
  <route id="routeleft5_4_1" edges="left5_4 bot4_5"/>
  <route id="routeleft5_4_2" edges="left5_4 left4_4 top3_4 top3_3 top3_2 top3_1 top3_0"/>
  <route id="routeleft5_4_3" edges="left5_4 left4_4 bot3_5"/>
  <route id="routeleft5_4_4" edges="left5_4 left4_4 left3_4 top2_4 top2_3 top2_2 top2_1 top2_0"/>
  <route id="routeleft5_4_5" edges="left5_4 left4_4 left3_4 bot2_5"/>
  <route id="routeleft5_4_6" edges="left5_4 left4_4 left3_4 left2_4 top1_4 top1_3 top1_2 top1_1 top1_0"/>
  <route id="routeleft5_4_7" edges="left5_4 left4_4 left3_4 left2_4 bot1_5"/>
  <route id="routeleft5_4_8" edges="left5_4 left4_4 left3_4 left2_4 left1_4 top0_4 top0_3 top0_2 top0_1 top0_0"/>
  <route id="routeleft5_4_9" edges="left5_4 left4_4 left3_4 left2_4 left1_4 bot0_5"/>
  <route id="routeleft5_4_10" edges="left5_4 left4_4 left3_4 left2_4 left1_4 left0_4"/>
  <flow id="flow_00" route="routebot0_0_0" type="human" departLane="best" departSpeed="random" begin="1" end="86400" color="white" vehsPerHour="33.333333333333336"/>
  <flow id="flow_001" route="routebot0_0_1" type="human" departLane="best" departSpeed="random" begin="1" end="86400" color="white" vehsPerHour="33.333333333333336"/>
  <flow id="flow_0012" route="routebot0_0_2" type="human" departLane="best" departSpeed="random" begin="1" end="86400" color="white" vehsPerHour="33.333333333333336"/>
  <flow id="flow_00123" route="routebot0_0_3" type="human" departLane="best" departSpeed="random" begin="1" end="86400" color="white" vehsPerHour="33.333333333333336"/>
  <flow id="flow_001234" route="routebot0_0_4" type="human" departLane="best" departSpeed="random" begin="1" end="86400" color="white" vehsPerHour="33.333333333333336"/>
  <flow id="flow_0012345" route="routebot0_0_5" type="human" departLane="best" departSpeed="random" begin="1" end="86400" color="white" vehsPerHour="33.333333333333336"/>
  <flow id="flow_00123456" route="routebot0_0_6" type="human" departLane="best" departSpeed="random" begin="1" end="86400" color="white" vehsPerHour="33.333333333333336"/>
  <flow id="flow_001234567" route="routebot0_0_7" type="human" departLane="best" departSpeed="random" begin="1" end="86400" color="white" vehsPerHour="33.333333333333336"/>
  <flow id="flow_0012345678" route="routebot0_0_8" type="human" departLane="best" departSpeed="random" begin="1" end="86400" color="white" vehsPerHour="33.333333333333336"/>
  <flow id="flow_00123456789" route="routebot0_0_9" type="human" departLane="best" departSpeed="random" begin="1" end="86400" color="white" vehsPerHour="33.333333333333336"/>
  <flow id="flow_0012345678910" route="routebot0_0_10" type="human" departLane="best" departSpeed="random" begin="1" end="86400" color="white" vehsPerHour="166.66666666666666"/>
  <flow id="flow_10" route="routetop0_5_0" type="human" departLane="best" departSpeed="random" begin="1" end="86400" color="white" vehsPerHour="33.333333333333336"/>
  <flow id="flow_101" route="routetop0_5_1" type="human" departLane="best" departSpeed="random" begin="1" end="86400" color="white" vehsPerHour="33.333333333333336"/>
  <flow id="flow_1012" route="routetop0_5_2" type="human" departLane="best" departSpeed="random" begin="1" end="86400" color="white" vehsPerHour="33.333333333333336"/>
  <flow id="flow_10123" route="routetop0_5_3" type="human" departLane="best" departSpeed="random" begin="1" end="86400" color="white" vehsPerHour="33.333333333333336"/>
  <flow id="flow_101234" route="routetop0_5_4" type="human" departLane="best" departSpeed="random" begin="1" end="86400" color="white" vehsPerHour="33.333333333333336"/>
  <flow id="flow_1012345" route="routetop0_5_5" type="human" departLane="best" departSpeed="random" begin="1" end="86400" color="white" vehsPerHour="33.333333333333336"/>
  <flow id="flow_10123456" route="routetop0_5_6" type="human" departLane="best" departSpeed="random" begin="1" end="86400" color="white" vehsPerHour="33.333333333333336"/>
  <flow id="flow_101234567" route="routetop0_5_7" type="human" departLane="best" departSpeed="random" begin="1" end="86400" color="white" vehsPerHour="33.333333333333336"/>
  <flow id="flow_1012345678" route="routetop0_5_8" type="human" departLane="best" departSpeed="random" begin="1" end="86400" color="white" vehsPerHour="33.333333333333336"/>
  <flow id="flow_10123456789" route="routetop0_5_9" type="human" departLane="best" departSpeed="random" begin="1" end="86400" color="white" vehsPerHour="33.333333333333336"/>
  <flow id="flow_1012345678910" route="routetop0_5_10" type="human" departLane="best" departSpeed="random" begin="1" end="86400" color="white" vehsPerHour="166.66666666666666"/>
  <flow id="flow_20" route="routebot1_0_0" type="human" departLane="best" departSpeed="random" begin="1" end="86400" color="white" vehsPerHour="33.333333333333336"/>
  <flow id="flow_201" route="routebot1_0_1" type="human" departLane="best" departSpeed="random" begin="1" end="86400" color="white" vehsPerHour="33.333333333333336"/>
  <flow id="flow_2012" route="routebot1_0_2" type="human" departLane="best" departSpeed="random" begin="1" end="86400" color="white" vehsPerHour="33.333333333333336"/>
  <flow id="flow_20123" route="routebot1_0_3" type="human" departLane="best" departSpeed="random" begin="1" end="86400" color="white" vehsPerHour="33.333333333333336"/>
  <flow id="flow_201234" route="routebot1_0_4" type="human" departLane="best" departSpeed="random" begin="1" end="86400" color="white" vehsPerHour="33.333333333333336"/>
  <flow id="flow_2012345" route="routebot1_0_5" type="human" departLane="best" departSpeed="random" begin="1" end="86400" color="white" vehsPerHour="33.333333333333336"/>
  <flow id="flow_20123456" route="routebot1_0_6" type="human" departLane="best" departSpeed="random" begin="1" end="86400" color="white" vehsPerHour="33.333333333333336"/>
  <flow id="flow_201234567" route="routebot1_0_7" type="human" departLane="best" departSpeed="random" begin="1" end="86400" color="white" vehsPerHour="33.333333333333336"/>
  <flow id="flow_2012345678" route="routebot1_0_8" type="human" departLane="best" departSpeed="random" begin="1" end="86400" color="white" vehsPerHour="33.333333333333336"/>
  <flow id="flow_20123456789" route="routebot1_0_9" type="human" departLane="best" departSpeed="random" begin="1" end="86400" color="white" vehsPerHour="33.333333333333336"/>
  <flow id="flow_2012345678910" route="routebot1_0_10" type="human" departLane="best" departSpeed="random" begin="1" end="86400" color="white" vehsPerHour="166.66666666666666"/>
  <flow id="flow_30" route="routetop1_5_0" type="human" departLane="best" departSpeed="random" begin="1" end="86400" color="white" vehsPerHour="33.333333333333336"/>
  <flow id="flow_301" route="routetop1_5_1" type="human" departLane="best" departSpeed="random" begin="1" end="86400" color="white" vehsPerHour="33.333333333333336"/>
  <flow id="flow_3012" route="routetop1_5_2" type="human" departLane="best" departSpeed="random" begin="1" end="86400" color="white" vehsPerHour="33.333333333333336"/>
  <flow id="flow_30123" route="routetop1_5_3" type="human" departLane="best" departSpeed="random" begin="1" end="86400" color="white" vehsPerHour="33.333333333333336"/>
  <flow id="flow_301234" route="routetop1_5_4" type="human" departLane="best" departSpeed="random" begin="1" end="86400" color="white" vehsPerHour="33.333333333333336"/>
  <flow id="flow_3012345" route="routetop1_5_5" type="human" departLane="best" departSpeed="random" begin="1" end="86400" color="white" vehsPerHour="33.333333333333336"/>
  <flow id="flow_30123456" route="routetop1_5_6" type="human" departLane="best" departSpeed="random" begin="1" end="86400" color="white" vehsPerHour="33.333333333333336"/>
  <flow id="flow_301234567" route="routetop1_5_7" type="human" departLane="best" departSpeed="random" begin="1" end="86400" color="white" vehsPerHour="33.333333333333336"/>
  <flow id="flow_3012345678" route="routetop1_5_8" type="human" departLane="best" departSpeed="random" begin="1" end="86400" color="white" vehsPerHour="33.333333333333336"/>
  <flow id="flow_30123456789" route="routetop1_5_9" type="human" departLane="best" departSpeed="random" begin="1" end="86400" color="white" vehsPerHour="33.333333333333336"/>
  <flow id="flow_3012345678910" route="routetop1_5_10" type="human" departLane="best" departSpeed="random" begin="1" end="86400" color="white" vehsPerHour="166.66666666666666"/>
  <flow id="flow_40" route="routebot2_0_0" type="human" departLane="best" departSpeed="random" begin="1" end="86400" color="white" vehsPerHour="33.333333333333336"/>
  <flow id="flow_401" route="routebot2_0_1" type="human" departLane="best" departSpeed="random" begin="1" end="86400" color="white" vehsPerHour="33.333333333333336"/>
  <flow id="flow_4012" route="routebot2_0_2" type="human" departLane="best" departSpeed="random" begin="1" end="86400" color="white" vehsPerHour="33.333333333333336"/>
  <flow id="flow_40123" route="routebot2_0_3" type="human" departLane="best" departSpeed="random" begin="1" end="86400" color="white" vehsPerHour="33.333333333333336"/>
  <flow id="flow_401234" route="routebot2_0_4" type="human" departLane="best" departSpeed="random" begin="1" end="86400" color="white" vehsPerHour="33.333333333333336"/>
  <flow id="flow_4012345" route="routebot2_0_5" type="human" departLane="best" departSpeed="random" begin="1" end="86400" color="white" vehsPerHour="33.333333333333336"/>
  <flow id="flow_40123456" route="routebot2_0_6" type="human" departLane="best" departSpeed="random" begin="1" end="86400" color="white" vehsPerHour="33.333333333333336"/>
  <flow id="flow_401234567" route="routebot2_0_7" type="human" departLane="best" departSpeed="random" begin="1" end="86400" color="white" vehsPerHour="33.333333333333336"/>
  <flow id="flow_4012345678" route="routebot2_0_8" type="human" departLane="best" departSpeed="random" begin="1" end="86400" color="white" vehsPerHour="33.333333333333336"/>
  <flow id="flow_40123456789" route="routebot2_0_9" type="human" departLane="best" departSpeed="random" begin="1" end="86400" color="white" vehsPerHour="33.333333333333336"/>
  <flow id="flow_4012345678910" route="routebot2_0_10" type="human" departLane="best" departSpeed="random" begin="1" end="86400" color="white" vehsPerHour="166.66666666666666"/>
  <flow id="flow_50" route="routetop2_5_0" type="human" departLane="best" departSpeed="random" begin="1" end="86400" color="white" vehsPerHour="33.333333333333336"/>
  <flow id="flow_501" route="routetop2_5_1" type="human" departLane="best" departSpeed="random" begin="1" end="86400" color="white" vehsPerHour="33.333333333333336"/>
  <flow id="flow_5012" route="routetop2_5_2" type="human" departLane="best" departSpeed="random" begin="1" end="86400" color="white" vehsPerHour="33.333333333333336"/>
  <flow id="flow_50123" route="routetop2_5_3" type="human" departLane="best" departSpeed="random" begin="1" end="86400" color="white" vehsPerHour="33.333333333333336"/>
  <flow id="flow_501234" route="routetop2_5_4" type="human" departLane="best" departSpeed="random" begin="1" end="86400" color="white" vehsPerHour="33.333333333333336"/>
  <flow id="flow_5012345" route="routetop2_5_5" type="human" departLane="best" departSpeed="random" begin="1" end="86400" color="white" vehsPerHour="33.333333333333336"/>
  <flow id="flow_50123456" route="routetop2_5_6" type="human" departLane="best" departSpeed="random" begin="1" end="86400" color="white" vehsPerHour="33.333333333333336"/>
  <flow id="flow_501234567" route="routetop2_5_7" type="human" departLane="best" departSpeed="random" begin="1" end="86400" color="white" vehsPerHour="33.333333333333336"/>
  <flow id="flow_5012345678" route="routetop2_5_8" type="human" departLane="best" departSpeed="random" begin="1" end="86400" color="white" vehsPerHour="33.333333333333336"/>
  <flow id="flow_50123456789" route="routetop2_5_9" type="human" departLane="best" departSpeed="random" begin="1" end="86400" color="white" vehsPerHour="33.333333333333336"/>
  <flow id="flow_5012345678910" route="routetop2_5_10" type="human" departLane="best" departSpeed="random" begin="1" end="86400" color="white" vehsPerHour="166.66666666666666"/>
  <flow id="flow_60" route="routebot3_0_0" type="human" departLane="best" departSpeed="random" begin="1" end="86400" color="white" vehsPerHour="33.333333333333336"/>
  <flow id="flow_601" route="routebot3_0_1" type="human" departLane="best" departSpeed="random" begin="1" end="86400" color="white" vehsPerHour="33.333333333333336"/>
  <flow id="flow_6012" route="routebot3_0_2" type="human" departLane="best" departSpeed="random" begin="1" end="86400" color="white" vehsPerHour="33.333333333333336"/>
  <flow id="flow_60123" route="routebot3_0_3" type="human" departLane="best" departSpeed="random" begin="1" end="86400" color="white" vehsPerHour="33.333333333333336"/>
  <flow id="flow_601234" route="routebot3_0_4" type="human" departLane="best" departSpeed="random" begin="1" end="86400" color="white" vehsPerHour="33.333333333333336"/>
  <flow id="flow_6012345" route="routebot3_0_5" type="human" departLane="best" departSpeed="random" begin="1" end="86400" color="white" vehsPerHour="33.333333333333336"/>
  <flow id="flow_60123456" route="routebot3_0_6" type="human" departLane="best" departSpeed="random" begin="1" end="86400" color="white" vehsPerHour="33.333333333333336"/>
  <flow id="flow_601234567" route="routebot3_0_7" type="human" departLane="best" departSpeed="random" begin="1" end="86400" color="white" vehsPerHour="33.333333333333336"/>
  <flow id="flow_6012345678" route="routebot3_0_8" type="human" departLane="best" departSpeed="random" begin="1" end="86400" color="white" vehsPerHour="33.333333333333336"/>
  <flow id="flow_60123456789" route="routebot3_0_9" type="human" departLane="best" departSpeed="random" begin="1" end="86400" color="white" vehsPerHour="33.333333333333336"/>
  <flow id="flow_6012345678910" route="routebot3_0_10" type="human" departLane="best" departSpeed="random" begin="1" end="86400" color="white" vehsPerHour="166.66666666666666"/>
  <flow id="flow_70" route="routetop3_5_0" type="human" departLane="best" departSpeed="random" begin="1" end="86400" color="white" vehsPerHour="33.333333333333336"/>
  <flow id="flow_701" route="routetop3_5_1" type="human" departLane="best" departSpeed="random" begin="1" end="86400" color="white" vehsPerHour="33.333333333333336"/>
  <flow id="flow_7012" route="routetop3_5_2" type="human" departLane="best" departSpeed="random" begin="1" end="86400" color="white" vehsPerHour="33.333333333333336"/>
  <flow id="flow_70123" route="routetop3_5_3" type="human" departLane="best" departSpeed="random" begin="1" end="86400" color="white" vehsPerHour="33.333333333333336"/>
  <flow id="flow_701234" route="routetop3_5_4" type="human" departLane="best" departSpeed="random" begin="1" end="86400" color="white" vehsPerHour="33.333333333333336"/>
  <flow id="flow_7012345" route="routetop3_5_5" type="human" departLane="best" departSpeed="random" begin="1" end="86400" color="white" vehsPerHour="33.333333333333336"/>
  <flow id="flow_70123456" route="routetop3_5_6" type="human" departLane="best" departSpeed="random" begin="1" end="86400" color="white" vehsPerHour="33.333333333333336"/>
  <flow id="flow_701234567" route="routetop3_5_7" type="human" departLane="best" departSpeed="random" begin="1" end="86400" color="white" vehsPerHour="33.333333333333336"/>
  <flow id="flow_7012345678" route="routetop3_5_8" type="human" departLane="best" departSpeed="random" begin="1" end="86400" color="white" vehsPerHour="33.333333333333336"/>
  <flow id="flow_70123456789" route="routetop3_5_9" type="human" departLane="best" departSpeed="random" begin="1" end="86400" color="white" vehsPerHour="33.333333333333336"/>
  <flow id="flow_7012345678910" route="routetop3_5_10" type="human" departLane="best" departSpeed="random" begin="1" end="86400" color="white" vehsPerHour="166.66666666666666"/>
  <flow id="flow_80" route="routebot4_0_0" type="human" departLane="best" departSpeed="random" begin="1" end="86400" color="white" vehsPerHour="33.333333333333336"/>
  <flow id="flow_801" route="routebot4_0_1" type="human" departLane="best" departSpeed="random" begin="1" end="86400" color="white" vehsPerHour="33.333333333333336"/>
  <flow id="flow_8012" route="routebot4_0_2" type="human" departLane="best" departSpeed="random" begin="1" end="86400" color="white" vehsPerHour="33.333333333333336"/>
  <flow id="flow_80123" route="routebot4_0_3" type="human" departLane="best" departSpeed="random" begin="1" end="86400" color="white" vehsPerHour="33.333333333333336"/>
  <flow id="flow_801234" route="routebot4_0_4" type="human" departLane="best" departSpeed="random" begin="1" end="86400" color="white" vehsPerHour="33.333333333333336"/>
  <flow id="flow_8012345" route="routebot4_0_5" type="human" departLane="best" departSpeed="random" begin="1" end="86400" color="white" vehsPerHour="33.333333333333336"/>
  <flow id="flow_80123456" route="routebot4_0_6" type="human" departLane="best" departSpeed="random" begin="1" end="86400" color="white" vehsPerHour="33.333333333333336"/>
  <flow id="flow_801234567" route="routebot4_0_7" type="human" departLane="best" departSpeed="random" begin="1" end="86400" color="white" vehsPerHour="33.333333333333336"/>
  <flow id="flow_8012345678" route="routebot4_0_8" type="human" departLane="best" departSpeed="random" begin="1" end="86400" color="white" vehsPerHour="33.333333333333336"/>
  <flow id="flow_80123456789" route="routebot4_0_9" type="human" departLane="best" departSpeed="random" begin="1" end="86400" color="white" vehsPerHour="33.333333333333336"/>
  <flow id="flow_8012345678910" route="routebot4_0_10" type="human" departLane="best" departSpeed="random" begin="1" end="86400" color="white" vehsPerHour="166.66666666666666"/>
  <flow id="flow_90" route="routetop4_5_0" type="human" departLane="best" departSpeed="random" begin="1" end="86400" color="white" vehsPerHour="33.333333333333336"/>
  <flow id="flow_901" route="routetop4_5_1" type="human" departLane="best" departSpeed="random" begin="1" end="86400" color="white" vehsPerHour="33.333333333333336"/>
  <flow id="flow_9012" route="routetop4_5_2" type="human" departLane="best" departSpeed="random" begin="1" end="86400" color="white" vehsPerHour="33.333333333333336"/>
  <flow id="flow_90123" route="routetop4_5_3" type="human" departLane="best" departSpeed="random" begin="1" end="86400" color="white" vehsPerHour="33.333333333333336"/>
  <flow id="flow_901234" route="routetop4_5_4" type="human" departLane="best" departSpeed="random" begin="1" end="86400" color="white" vehsPerHour="33.333333333333336"/>
  <flow id="flow_9012345" route="routetop4_5_5" type="human" departLane="best" departSpeed="random" begin="1" end="86400" color="white" vehsPerHour="33.333333333333336"/>
  <flow id="flow_90123456" route="routetop4_5_6" type="human" departLane="best" departSpeed="random" begin="1" end="86400" color="white" vehsPerHour="33.333333333333336"/>
  <flow id="flow_901234567" route="routetop4_5_7" type="human" departLane="best" departSpeed="random" begin="1" end="86400" color="white" vehsPerHour="33.333333333333336"/>
  <flow id="flow_9012345678" route="routetop4_5_8" type="human" departLane="best" departSpeed="random" begin="1" end="86400" color="white" vehsPerHour="33.333333333333336"/>
  <flow id="flow_90123456789" route="routetop4_5_9" type="human" departLane="best" departSpeed="random" begin="1" end="86400" color="white" vehsPerHour="33.333333333333336"/>
  <flow id="flow_9012345678910" route="routetop4_5_10" type="human" departLane="best" departSpeed="random" begin="1" end="86400" color="white" vehsPerHour="166.66666666666666"/>
  <flow id="flow_100" route="routeleft5_0_0" type="human" departLane="best" departSpeed="random" begin="1" end="86400" color="white" vehsPerHour="33.333333333333336"/>
  <flow id="flow_1001" route="routeleft5_0_1" type="human" departLane="best" departSpeed="random" begin="1" end="86400" color="white" vehsPerHour="33.333333333333336"/>
  <flow id="flow_10012" route="routeleft5_0_2" type="human" departLane="best" departSpeed="random" begin="1" end="86400" color="white" vehsPerHour="33.333333333333336"/>
  <flow id="flow_100123" route="routeleft5_0_3" type="human" departLane="best" departSpeed="random" begin="1" end="86400" color="white" vehsPerHour="33.333333333333336"/>
  <flow id="flow_1001234" route="routeleft5_0_4" type="human" departLane="best" departSpeed="random" begin="1" end="86400" color="white" vehsPerHour="33.333333333333336"/>
  <flow id="flow_10012345" route="routeleft5_0_5" type="human" departLane="best" departSpeed="random" begin="1" end="86400" color="white" vehsPerHour="33.333333333333336"/>
  <flow id="flow_100123456" route="routeleft5_0_6" type="human" departLane="best" departSpeed="random" begin="1" end="86400" color="white" vehsPerHour="33.333333333333336"/>
  <flow id="flow_1001234567" route="routeleft5_0_7" type="human" departLane="best" departSpeed="random" begin="1" end="86400" color="white" vehsPerHour="33.333333333333336"/>
  <flow id="flow_10012345678" route="routeleft5_0_8" type="human" departLane="best" departSpeed="random" begin="1" end="86400" color="white" vehsPerHour="33.333333333333336"/>
  <flow id="flow_100123456789" route="routeleft5_0_9" type="human" departLane="best" departSpeed="random" begin="1" end="86400" color="white" vehsPerHour="33.333333333333336"/>
  <flow id="flow_10012345678910" route="routeleft5_0_10" type="human" departLane="best" departSpeed="random" begin="1" end="86400" color="white" vehsPerHour="166.66666666666666"/>
  <flow id="flow_110" route="routeright0_0_0" type="human" departLane="best" departSpeed="random" begin="1" end="86400" color="white" vehsPerHour="33.333333333333336"/>
  <flow id="flow_1101" route="routeright0_0_1" type="human" departLane="best" departSpeed="random" begin="1" end="86400" color="white" vehsPerHour="33.333333333333336"/>
  <flow id="flow_11012" route="routeright0_0_2" type="human" departLane="best" departSpeed="random" begin="1" end="86400" color="white" vehsPerHour="33.333333333333336"/>
  <flow id="flow_110123" route="routeright0_0_3" type="human" departLane="best" departSpeed="random" begin="1" end="86400" color="white" vehsPerHour="33.333333333333336"/>
  <flow id="flow_1101234" route="routeright0_0_4" type="human" departLane="best" departSpeed="random" begin="1" end="86400" color="white" vehsPerHour="33.333333333333336"/>
  <flow id="flow_11012345" route="routeright0_0_5" type="human" departLane="best" departSpeed="random" begin="1" end="86400" color="white" vehsPerHour="33.333333333333336"/>
  <flow id="flow_110123456" route="routeright0_0_6" type="human" departLane="best" departSpeed="random" begin="1" end="86400" color="white" vehsPerHour="33.333333333333336"/>
  <flow id="flow_1101234567" route="routeright0_0_7" type="human" departLane="best" departSpeed="random" begin="1" end="86400" color="white" vehsPerHour="33.333333333333336"/>
  <flow id="flow_11012345678" route="routeright0_0_8" type="human" departLane="best" departSpeed="random" begin="1" end="86400" color="white" vehsPerHour="33.333333333333336"/>
  <flow id="flow_110123456789" route="routeright0_0_9" type="human" departLane="best" departSpeed="random" begin="1" end="86400" color="white" vehsPerHour="33.333333333333336"/>
  <flow id="flow_11012345678910" route="routeright0_0_10" type="human" departLane="best" departSpeed="random" begin="1" end="86400" color="white" vehsPerHour="166.66666666666666"/>
  <flow id="flow_120" route="routeleft5_1_0" type="human" departLane="best" departSpeed="random" begin="1" end="86400" color="white" vehsPerHour="33.333333333333336"/>
  <flow id="flow_1201" route="routeleft5_1_1" type="human" departLane="best" departSpeed="random" begin="1" end="86400" color="white" vehsPerHour="33.333333333333336"/>
  <flow id="flow_12012" route="routeleft5_1_2" type="human" departLane="best" departSpeed="random" begin="1" end="86400" color="white" vehsPerHour="33.333333333333336"/>
  <flow id="flow_120123" route="routeleft5_1_3" type="human" departLane="best" departSpeed="random" begin="1" end="86400" color="white" vehsPerHour="33.333333333333336"/>
  <flow id="flow_1201234" route="routeleft5_1_4" type="human" departLane="best" departSpeed="random" begin="1" end="86400" color="white" vehsPerHour="33.333333333333336"/>
  <flow id="flow_12012345" route="routeleft5_1_5" type="human" departLane="best" departSpeed="random" begin="1" end="86400" color="white" vehsPerHour="33.333333333333336"/>
  <flow id="flow_120123456" route="routeleft5_1_6" type="human" departLane="best" departSpeed="random" begin="1" end="86400" color="white" vehsPerHour="33.333333333333336"/>
  <flow id="flow_1201234567" route="routeleft5_1_7" type="human" departLane="best" departSpeed="random" begin="1" end="86400" color="white" vehsPerHour="33.333333333333336"/>
  <flow id="flow_12012345678" route="routeleft5_1_8" type="human" departLane="best" departSpeed="random" begin="1" end="86400" color="white" vehsPerHour="33.333333333333336"/>
  <flow id="flow_120123456789" route="routeleft5_1_9" type="human" departLane="best" departSpeed="random" begin="1" end="86400" color="white" vehsPerHour="33.333333333333336"/>
  <flow id="flow_12012345678910" route="routeleft5_1_10" type="human" departLane="best" departSpeed="random" begin="1" end="86400" color="white" vehsPerHour="166.66666666666666"/>
  <flow id="flow_130" route="routeright0_1_0" type="human" departLane="best" departSpeed="random" begin="1" end="86400" color="white" vehsPerHour="33.333333333333336"/>
  <flow id="flow_1301" route="routeright0_1_1" type="human" departLane="best" departSpeed="random" begin="1" end="86400" color="white" vehsPerHour="33.333333333333336"/>
  <flow id="flow_13012" route="routeright0_1_2" type="human" departLane="best" departSpeed="random" begin="1" end="86400" color="white" vehsPerHour="33.333333333333336"/>
  <flow id="flow_130123" route="routeright0_1_3" type="human" departLane="best" departSpeed="random" begin="1" end="86400" color="white" vehsPerHour="33.333333333333336"/>
  <flow id="flow_1301234" route="routeright0_1_4" type="human" departLane="best" departSpeed="random" begin="1" end="86400" color="white" vehsPerHour="33.333333333333336"/>
  <flow id="flow_13012345" route="routeright0_1_5" type="human" departLane="best" departSpeed="random" begin="1" end="86400" color="white" vehsPerHour="33.333333333333336"/>
  <flow id="flow_130123456" route="routeright0_1_6" type="human" departLane="best" departSpeed="random" begin="1" end="86400" color="white" vehsPerHour="33.333333333333336"/>
  <flow id="flow_1301234567" route="routeright0_1_7" type="human" departLane="best" departSpeed="random" begin="1" end="86400" color="white" vehsPerHour="33.333333333333336"/>
  <flow id="flow_13012345678" route="routeright0_1_8" type="human" departLane="best" departSpeed="random" begin="1" end="86400" color="white" vehsPerHour="33.333333333333336"/>
  <flow id="flow_130123456789" route="routeright0_1_9" type="human" departLane="best" departSpeed="random" begin="1" end="86400" color="white" vehsPerHour="33.333333333333336"/>
  <flow id="flow_13012345678910" route="routeright0_1_10" type="human" departLane="best" departSpeed="random" begin="1" end="86400" color="white" vehsPerHour="166.66666666666666"/>
  <flow id="flow_140" route="routeleft5_2_0" type="human" departLane="best" departSpeed="random" begin="1" end="86400" color="white" vehsPerHour="33.333333333333336"/>
  <flow id="flow_1401" route="routeleft5_2_1" type="human" departLane="best" departSpeed="random" begin="1" end="86400" color="white" vehsPerHour="33.333333333333336"/>
  <flow id="flow_14012" route="routeleft5_2_2" type="human" departLane="best" departSpeed="random" begin="1" end="86400" color="white" vehsPerHour="33.333333333333336"/>
  <flow id="flow_140123" route="routeleft5_2_3" type="human" departLane="best" departSpeed="random" begin="1" end="86400" color="white" vehsPerHour="33.333333333333336"/>
  <flow id="flow_1401234" route="routeleft5_2_4" type="human" departLane="best" departSpeed="random" begin="1" end="86400" color="white" vehsPerHour="33.333333333333336"/>
  <flow id="flow_14012345" route="routeleft5_2_5" type="human" departLane="best" departSpeed="random" begin="1" end="86400" color="white" vehsPerHour="33.333333333333336"/>
  <flow id="flow_140123456" route="routeleft5_2_6" type="human" departLane="best" departSpeed="random" begin="1" end="86400" color="white" vehsPerHour="33.333333333333336"/>
  <flow id="flow_1401234567" route="routeleft5_2_7" type="human" departLane="best" departSpeed="random" begin="1" end="86400" color="white" vehsPerHour="33.333333333333336"/>
  <flow id="flow_14012345678" route="routeleft5_2_8" type="human" departLane="best" departSpeed="random" begin="1" end="86400" color="white" vehsPerHour="33.333333333333336"/>
  <flow id="flow_140123456789" route="routeleft5_2_9" type="human" departLane="best" departSpeed="random" begin="1" end="86400" color="white" vehsPerHour="33.333333333333336"/>
  <flow id="flow_14012345678910" route="routeleft5_2_10" type="human" departLane="best" departSpeed="random" begin="1" end="86400" color="white" vehsPerHour="166.66666666666666"/>
  <flow id="flow_150" route="routeright0_2_0" type="human" departLane="best" departSpeed="random" begin="1" end="86400" color="white" vehsPerHour="33.333333333333336"/>
  <flow id="flow_1501" route="routeright0_2_1" type="human" departLane="best" departSpeed="random" begin="1" end="86400" color="white" vehsPerHour="33.333333333333336"/>
  <flow id="flow_15012" route="routeright0_2_2" type="human" departLane="best" departSpeed="random" begin="1" end="86400" color="white" vehsPerHour="33.333333333333336"/>
  <flow id="flow_150123" route="routeright0_2_3" type="human" departLane="best" departSpeed="random" begin="1" end="86400" color="white" vehsPerHour="33.333333333333336"/>
  <flow id="flow_1501234" route="routeright0_2_4" type="human" departLane="best" departSpeed="random" begin="1" end="86400" color="white" vehsPerHour="33.333333333333336"/>
  <flow id="flow_15012345" route="routeright0_2_5" type="human" departLane="best" departSpeed="random" begin="1" end="86400" color="white" vehsPerHour="33.333333333333336"/>
  <flow id="flow_150123456" route="routeright0_2_6" type="human" departLane="best" departSpeed="random" begin="1" end="86400" color="white" vehsPerHour="33.333333333333336"/>
  <flow id="flow_1501234567" route="routeright0_2_7" type="human" departLane="best" departSpeed="random" begin="1" end="86400" color="white" vehsPerHour="33.333333333333336"/>
  <flow id="flow_15012345678" route="routeright0_2_8" type="human" departLane="best" departSpeed="random" begin="1" end="86400" color="white" vehsPerHour="33.333333333333336"/>
  <flow id="flow_150123456789" route="routeright0_2_9" type="human" departLane="best" departSpeed="random" begin="1" end="86400" color="white" vehsPerHour="33.333333333333336"/>
  <flow id="flow_15012345678910" route="routeright0_2_10" type="human" departLane="best" departSpeed="random" begin="1" end="86400" color="white" vehsPerHour="166.66666666666666"/>
  <flow id="flow_160" route="routeleft5_3_0" type="human" departLane="best" departSpeed="random" begin="1" end="86400" color="white" vehsPerHour="33.333333333333336"/>
  <flow id="flow_1601" route="routeleft5_3_1" type="human" departLane="best" departSpeed="random" begin="1" end="86400" color="white" vehsPerHour="33.333333333333336"/>
  <flow id="flow_16012" route="routeleft5_3_2" type="human" departLane="best" departSpeed="random" begin="1" end="86400" color="white" vehsPerHour="33.333333333333336"/>
  <flow id="flow_160123" route="routeleft5_3_3" type="human" departLane="best" departSpeed="random" begin="1" end="86400" color="white" vehsPerHour="33.333333333333336"/>
  <flow id="flow_1601234" route="routeleft5_3_4" type="human" departLane="best" departSpeed="random" begin="1" end="86400" color="white" vehsPerHour="33.333333333333336"/>
  <flow id="flow_16012345" route="routeleft5_3_5" type="human" departLane="best" departSpeed="random" begin="1" end="86400" color="white" vehsPerHour="33.333333333333336"/>
  <flow id="flow_160123456" route="routeleft5_3_6" type="human" departLane="best" departSpeed="random" begin="1" end="86400" color="white" vehsPerHour="33.333333333333336"/>
  <flow id="flow_1601234567" route="routeleft5_3_7" type="human" departLane="best" departSpeed="random" begin="1" end="86400" color="white" vehsPerHour="33.333333333333336"/>
  <flow id="flow_16012345678" route="routeleft5_3_8" type="human" departLane="best" departSpeed="random" begin="1" end="86400" color="white" vehsPerHour="33.333333333333336"/>
  <flow id="flow_160123456789" route="routeleft5_3_9" type="human" departLane="best" departSpeed="random" begin="1" end="86400" color="white" vehsPerHour="33.333333333333336"/>
  <flow id="flow_16012345678910" route="routeleft5_3_10" type="human" departLane="best" departSpeed="random" begin="1" end="86400" color="white" vehsPerHour="166.66666666666666"/>
  <flow id="flow_170" route="routeright0_3_0" type="human" departLane="best" departSpeed="random" begin="1" end="86400" color="white" vehsPerHour="33.333333333333336"/>
  <flow id="flow_1701" route="routeright0_3_1" type="human" departLane="best" departSpeed="random" begin="1" end="86400" color="white" vehsPerHour="33.333333333333336"/>
  <flow id="flow_17012" route="routeright0_3_2" type="human" departLane="best" departSpeed="random" begin="1" end="86400" color="white" vehsPerHour="33.333333333333336"/>
  <flow id="flow_170123" route="routeright0_3_3" type="human" departLane="best" departSpeed="random" begin="1" end="86400" color="white" vehsPerHour="33.333333333333336"/>
  <flow id="flow_1701234" route="routeright0_3_4" type="human" departLane="best" departSpeed="random" begin="1" end="86400" color="white" vehsPerHour="33.333333333333336"/>
  <flow id="flow_17012345" route="routeright0_3_5" type="human" departLane="best" departSpeed="random" begin="1" end="86400" color="white" vehsPerHour="33.333333333333336"/>
  <flow id="flow_170123456" route="routeright0_3_6" type="human" departLane="best" departSpeed="random" begin="1" end="86400" color="white" vehsPerHour="33.333333333333336"/>
  <flow id="flow_1701234567" route="routeright0_3_7" type="human" departLane="best" departSpeed="random" begin="1" end="86400" color="white" vehsPerHour="33.333333333333336"/>
  <flow id="flow_17012345678" route="routeright0_3_8" type="human" departLane="best" departSpeed="random" begin="1" end="86400" color="white" vehsPerHour="33.333333333333336"/>
  <flow id="flow_170123456789" route="routeright0_3_9" type="human" departLane="best" departSpeed="random" begin="1" end="86400" color="white" vehsPerHour="33.333333333333336"/>
  <flow id="flow_17012345678910" route="routeright0_3_10" type="human" departLane="best" departSpeed="random" begin="1" end="86400" color="white" vehsPerHour="166.66666666666666"/>
  <flow id="flow_180" route="routeleft5_4_0" type="human" departLane="best" departSpeed="random" begin="1" end="86400" color="white" vehsPerHour="33.333333333333336"/>
  <flow id="flow_1801" route="routeleft5_4_1" type="human" departLane="best" departSpeed="random" begin="1" end="86400" color="white" vehsPerHour="33.333333333333336"/>
  <flow id="flow_18012" route="routeleft5_4_2" type="human" departLane="best" departSpeed="random" begin="1" end="86400" color="white" vehsPerHour="33.333333333333336"/>
  <flow id="flow_180123" route="routeleft5_4_3" type="human" departLane="best" departSpeed="random" begin="1" end="86400" color="white" vehsPerHour="33.333333333333336"/>
  <flow id="flow_1801234" route="routeleft5_4_4" type="human" departLane="best" departSpeed="random" begin="1" end="86400" color="white" vehsPerHour="33.333333333333336"/>
  <flow id="flow_18012345" route="routeleft5_4_5" type="human" departLane="best" departSpeed="random" begin="1" end="86400" color="white" vehsPerHour="33.333333333333336"/>
  <flow id="flow_180123456" route="routeleft5_4_6" type="human" departLane="best" departSpeed="random" begin="1" end="86400" color="white" vehsPerHour="33.333333333333336"/>
  <flow id="flow_1801234567" route="routeleft5_4_7" type="human" departLane="best" departSpeed="random" begin="1" end="86400" color="white" vehsPerHour="33.333333333333336"/>
  <flow id="flow_18012345678" route="routeleft5_4_8" type="human" departLane="best" departSpeed="random" begin="1" end="86400" color="white" vehsPerHour="33.333333333333336"/>
  <flow id="flow_180123456789" route="routeleft5_4_9" type="human" departLane="best" departSpeed="random" begin="1" end="86400" color="white" vehsPerHour="33.333333333333336"/>
  <flow id="flow_18012345678910" route="routeleft5_4_10" type="human" departLane="best" departSpeed="random" begin="1" end="86400" color="white" vehsPerHour="166.66666666666666"/>
  <flow id="flow_190" route="routeright0_4_0" type="human" departLane="best" departSpeed="random" begin="1" end="86400" color="white" vehsPerHour="33.333333333333336"/>
  <flow id="flow_1901" route="routeright0_4_1" type="human" departLane="best" departSpeed="random" begin="1" end="86400" color="white" vehsPerHour="33.333333333333336"/>
  <flow id="flow_19012" route="routeright0_4_2" type="human" departLane="best" departSpeed="random" begin="1" end="86400" color="white" vehsPerHour="33.333333333333336"/>
  <flow id="flow_190123" route="routeright0_4_3" type="human" departLane="best" departSpeed="random" begin="1" end="86400" color="white" vehsPerHour="33.333333333333336"/>
  <flow id="flow_1901234" route="routeright0_4_4" type="human" departLane="best" departSpeed="random" begin="1" end="86400" color="white" vehsPerHour="33.333333333333336"/>
  <flow id="flow_19012345" route="routeright0_4_5" type="human" departLane="best" departSpeed="random" begin="1" end="86400" color="white" vehsPerHour="33.333333333333336"/>
  <flow id="flow_190123456" route="routeright0_4_6" type="human" departLane="best" departSpeed="random" begin="1" end="86400" color="white" vehsPerHour="33.333333333333336"/>
  <flow id="flow_1901234567" route="routeright0_4_7" type="human" departLane="best" departSpeed="random" begin="1" end="86400" color="white" vehsPerHour="33.333333333333336"/>
  <flow id="flow_19012345678" route="routeright0_4_8" type="human" departLane="best" departSpeed="random" begin="1" end="86400" color="white" vehsPerHour="33.333333333333336"/>
  <flow id="flow_190123456789" route="routeright0_4_9" type="human" departLane="best" departSpeed="random" begin="1" end="86400" color="white" vehsPerHour="33.333333333333336"/>
  <flow id="flow_19012345678910" route="routeright0_4_10" type="human" departLane="best" departSpeed="random" begin="1" end="86400" color="white" vehsPerHour="166.66666666666666"/>
</routes>
