<?xml version='1.0' encoding='UTF-8'?>
<additional xmlns:xsi="http://www.w3.org/2001/XMLSchema-instance" xsi:noNamespaceSchemaLocation="http://sumo.dlr.de/xsd/additional_file.xsd">
  <vType id="human" accel="2.6" decel="7.5" sigma="0.5" tau="1.0" minGap="2.5" maxSpeed="30" speedFactor="1.0" speedDev="0.1" impatience="off" carFollowModel="IDM" laneChangeModel="LC2013" lcStrategic="1.0" lcCooperative="1.0" lcSpeedGain="1.0" lcKeepRight="1.0"/>
  <tlLogic id="center0" type="static" programID="1">
    <param key="id" value="center0"/>
    <param key="type" value="static"/>
    <param key="programID" value="1"/>
    <phase duration="26" state="GGrrrrGGrrrr"/>
    <phase duration="3" state="yyrrrryyrrrr"/>
    <phase duration="5" state="rrGrrrrrGrrr"/>
    <phase duration="3" state="rryrrrrryrrr"/>
    <phase duration="26" state="rrrGGrrrrGGr"/>
    <phase duration="3" state="rrryyrrrryyr"/>
    <phase duration="5" state="rrrrrGrrrrrG"/>
    <phase duration="3" state="rrrrryrrrrry"/>
  </tlLogic>
  <tlLogic id="center1" type="static" programID="1">
    <param key="id" value="center1"/>
    <param key="type" value="static"/>
    <param key="programID" value="1"/>
    <phase duration="26" state="GGrrrrGGrrrr"/>
    <phase duration="3" state="yyrrrryyrrrr"/>
    <phase duration="5" state="rrGrrrrrGrrr"/>
    <phase duration="3" state="rryrrrrryrrr"/>
    <phase duration="26" state="rrrGGrrrrGGr"/>
    <phase duration="3" state="rrryyrrrryyr"/>
    <phase duration="5" state="rrrrrGrrrrrG"/>
    <phase duration="3" state="rrrrryrrrrry"/>
  </tlLogic>
  <tlLogic id="center2" type="static" programID="1">
    <param key="id" value="center2"/>
    <param key="type" value="static"/>
    <param key="programID" value="1"/>
    <phase duration="26" state="GGrrrrGGrrrr"/>
    <phase duration="3" state="yyrrrryyrrrr"/>
    <phase duration="5" state="rrGrrrrrGrrr"/>
    <phase duration="3" state="rryrrrrryrrr"/>
    <phase duration="26" state="rrrGGrrrrGGr"/>
    <phase duration="3" state="rrryyrrrryyr"/>
    <phase duration="5" state="rrrrrGrrrrrG"/>
    <phase duration="3" state="rrrrryrrrrry"/>
  </tlLogic>
  <tlLogic id="center3" type="static" programID="1">
    <param key="id" value="center3"/>
    <param key="type" value="static"/>
    <param key="programID" value="1"/>
    <phase duration="26" state="GGrrrrGGrrrr"/>
    <phase duration="3" state="yyrrrryyrrrr"/>
    <phase duration="5" state="rrGrrrrrGrrr"/>
    <phase duration="3" state="rryrrrrryrrr"/>
    <phase duration="26" state="rrrGGrrrrGGr"/>
    <phase duration="3" state="rrryyrrrryyr"/>
    <phase duration="5" state="rrrrrGrrrrrG"/>
    <phase duration="3" state="rrrrryrrrrry"/>
  </tlLogic>
  <tlLogic id="center4" type="static" programID="1">
    <param key="id" value="center4"/>
    <param key="type" value="static"/>
    <param key="programID" value="1"/>
    <phase duration="26" state="GGrrrrGGrrrr"/>
    <phase duration="3" state="yyrrrryyrrrr"/>
    <phase duration="5" state="rrGrrrrrGrrr"/>
    <phase duration="3" state="rryrrrrryrrr"/>
    <phase duration="26" state="rrrGGrrrrGGr"/>
    <phase duration="3" state="rrryyrrrryyr"/>
    <phase duration="5" state="rrrrrGrrrrrG"/>
    <phase duration="3" state="rrrrryrrrrry"/>
  </tlLogic>
  <tlLogic id="center5" type="static" programID="1">
    <param key="id" value="center5"/>
    <param key="type" value="static"/>
    <param key="programID" value="1"/>
    <phase duration="26" state="GGrrrrGGrrrr"/>
    <phase duration="3" state="yyrrrryyrrrr"/>
    <phase duration="5" state="rrGrrrrrGrrr"/>
    <phase duration="3" state="rryrrrrryrrr"/>
    <phase duration="26" state="rrrGGrrrrGGr"/>
    <phase duration="3" state="rrryyrrrryyr"/>
    <phase duration="5" state="rrrrrGrrrrrG"/>
    <phase duration="3" state="rrrrryrrrrry"/>
  </tlLogic>
  <tlLogic id="center9" type="static" programID="1">
    <param key="id" value="center9"/>
    <param key="type" value="static"/>
    <param key="programID" value="1"/>
    <phase duration="26" state="GGrrrrGGrrrr"/>
    <phase duration="3" state="yyrrrryyrrrr"/>
    <phase duration="5" state="rrGrrrrrGrrr"/>
    <phase duration="3" state="rryrrrrryrrr"/>
    <phase duration="26" state="rrrGGrrrrGGr"/>
    <phase duration="3" state="rrryyrrrryyr"/>
    <phase duration="5" state="rrrrrGrrrrrG"/>
    <phase duration="3" state="rrrrryrrrrry"/>
  </tlLogic>
  <tlLogic id="center10" type="static" programID="1">
    <param key="id" value="center10"/>
    <param key="type" value="static"/>
    <param key="programID" value="1"/>
    <phase duration="26" state="GGrrrrGGrrrr"/>
    <phase duration="3" state="yyrrrryyrrrr"/>
    <phase duration="5" state="rrGrrrrrGrrr"/>
    <phase duration="3" state="rryrrrrryrrr"/>
    <phase duration="26" state="rrrGGrrrrGGr"/>
    <phase duration="3" state="rrryyrrrryyr"/>
    <phase duration="5" state="rrrrrGrrrrrG"/>
    <phase duration="3" state="rrrrryrrrrry"/>
  </tlLogic>
  <tlLogic id="center14" type="static" programID="1">
    <param key="id" value="center14"/>
    <param key="type" value="static"/>
    <param key="programID" value="1"/>
    <phase duration="26" state="GGrrrrGGrrrr"/>
    <phase duration="3" state="yyrrrryyrrrr"/>
    <phase duration="5" state="rrGrrrrrGrrr"/>
    <phase duration="3" state="rryrrrrryrrr"/>
    <phase duration="26" state="rrrGGrrrrGGr"/>
    <phase duration="3" state="rrryyrrrryyr"/>
    <phase duration="5" state="rrrrrGrrrrrG"/>
    <phase duration="3" state="rrrrryrrrrry"/>
  </tlLogic>
  <tlLogic id="center15" type="static" programID="1">
    <param key="id" value="center15"/>
    <param key="type" value="static"/>
    <param key="programID" value="1"/>
    <phase duration="26" state="GGrrrrGGrrrr"/>
    <phase duration="3" state="yyrrrryyrrrr"/>
    <phase duration="5" state="rrGrrrrrGrrr"/>
    <phase duration="3" state="rryrrrrryrrr"/>
    <phase duration="26" state="rrrGGrrrrGGr"/>
    <phase duration="3" state="rrryyrrrryyr"/>
    <phase duration="5" state="rrrrrGrrrrrG"/>
    <phase duration="3" state="rrrrryrrrrry"/>
  </tlLogic>
  <tlLogic id="center19" type="static" programID="1">
    <param key="id" value="center19"/>
    <param key="type" value="static"/>
    <param key="programID" value="1"/>
    <phase duration="26" state="GGrrrrGGrrrr"/>
    <phase duration="3" state="yyrrrryyrrrr"/>
    <phase duration="5" state="rrGrrrrrGrrr"/>
    <phase duration="3" state="rryrrrrryrrr"/>
    <phase duration="26" state="rrrGGrrrrGGr"/>
    <phase duration="3" state="rrryyrrrryyr"/>
    <phase duration="5" state="rrrrrGrrrrrG"/>
    <phase duration="3" state="rrrrryrrrrry"/>
  </tlLogic>
  <tlLogic id="center20" type="static" programID="1">
    <param key="id" value="center20"/>
    <param key="type" value="static"/>
    <param key="programID" value="1"/>
    <phase duration="26" state="GGrrrrGGrrrr"/>
    <phase duration="3" state="yyrrrryyrrrr"/>
    <phase duration="5" state="rrGrrrrrGrrr"/>
    <phase duration="3" state="rryrrrrryrrr"/>
    <phase duration="26" state="rrrGGrrrrGGr"/>
    <phase duration="3" state="rrryyrrrryyr"/>
    <phase duration="5" state="rrrrrGrrrrrG"/>
    <phase duration="3" state="rrrrryrrrrry"/>
  </tlLogic>
  <tlLogic id="center21" type="static" programID="1">
    <param key="id" value="center21"/>
    <param key="type" value="static"/>
    <param key="programID" value="1"/>
    <phase duration="26" state="GGrrrrGGrrrr"/>
    <phase duration="3" state="yyrrrryyrrrr"/>
    <phase duration="5" state="rrGrrrrrGrrr"/>
    <phase duration="3" state="rryrrrrryrrr"/>
    <phase duration="26" state="rrrGGrrrrGGr"/>
    <phase duration="3" state="rrryyrrrryyr"/>
    <phase duration="5" state="rrrrrGrrrrrG"/>
    <phase duration="3" state="rrrrryrrrrry"/>
  </tlLogic>
  <tlLogic id="center22" type="static" programID="1">
    <param key="id" value="center22"/>
    <param key="type" value="static"/>
    <param key="programID" value="1"/>
    <phase duration="26" state="GGrrrrGGrrrr"/>
    <phase duration="3" state="yyrrrryyrrrr"/>
    <phase duration="5" state="rrGrrrrrGrrr"/>
    <phase duration="3" state="rryrrrrryrrr"/>
    <phase duration="26" state="rrrGGrrrrGGr"/>
    <phase duration="3" state="rrryyrrrryyr"/>
    <phase duration="5" state="rrrrrGrrrrrG"/>
    <phase duration="3" state="rrrrryrrrrry"/>
  </tlLogic>
  <tlLogic id="center23" type="static" programID="1">
    <param key="id" value="center23"/>
    <param key="type" value="static"/>
    <param key="programID" value="1"/>
    <phase duration="26" state="GGrrrrGGrrrr"/>
    <phase duration="3" state="yyrrrryyrrrr"/>
    <phase duration="5" state="rrGrrrrrGrrr"/>
    <phase duration="3" state="rryrrrrryrrr"/>
    <phase duration="26" state="rrrGGrrrrGGr"/>
    <phase duration="3" state="rrryyrrrryyr"/>
    <phase duration="5" state="rrrrrGrrrrrG"/>
    <phase duration="3" state="rrrrryrrrrry"/>
  </tlLogic>
  <tlLogic id="center24" type="static" programID="1">
    <param key="id" value="center24"/>
    <param key="type" value="static"/>
    <param key="programID" value="1"/>
    <phase duration="26" state="GGrrrrGGrrrr"/>
    <phase duration="3" state="yyrrrryyrrrr"/>
    <phase duration="5" state="rrGrrrrrGrrr"/>
    <phase duration="3" state="rryrrrrryrrr"/>
    <phase duration="26" state="rrrGGrrrrGGr"/>
    <phase duration="3" state="rrryyrrrryyr"/>
    <phase duration="5" state="rrrrrGrrrrrG"/>
    <phase duration="3" state="rrrrryrrrrry"/>
  </tlLogic>
</additional>
